{
	"class_name" : "PinholeCameraParameters",
	"extrinsic" : 
	[
		0.99869871635555563,
		0.0093807587200268171,
		-0.050128587807779595,
		0.0,
		0.0034273567802008856,
		0.96836948037726533,
		0.24949709958107019,
		0.0,
		0.050883466619982165,
		-0.24934424164135385,
		0.96707720580366874,
		0.0,
		-0.015740830178913486,
		0.39482602387221544,
		1.1491737556144661,
		1.0
	],
	"intrinsic" : 
	{
		"height" : 720,
		"intrinsic_matrix" : 
		[
			623.53829072479584,
			0.0,
			0.0,
			0.0,
			623.53829072479584,
			0.0,
			639.5,
			359.5,
			1.0
		],
		"width" : 1280
	},
	"version_major" : 1,
	"version_minor" : 0
}