{
  "f0270337": {
    "width": 1280,
    "height": 720,
    "fx": 906.16949462890625,
    "fy": 906.49102783203125,
    "cx": 647.74688720703125,
    "cy": 370.19760131835938
  },
  "f0264608": {
    "width": 1280,
    "height": 720,
    "fx": 912.0697021484375,
    "fy": 912.4415283203125,
    "cx": 648.8984375,
    "cy": 365.73257446289062
  },
  "f0264630": {
    "width": 1280,
    "height": 720,
    "fx": 907.392578125,
    "fy": 907.44476318359375,
    "cx": 650.44219970703125,
    "cy": 369.95199584960938
  },
  "f0233303": {
    "width": 1280,
    "height": 720,
    "fx": 908.6463623046875,
    "fy": 909.23828125,
    "cx": 653.7042236328125,
    "cy": 360.09420776367188
  },
  "f0265553": {
    "width" : 1280,
	"height" : 720,
	"fx": 913.05224609375,
    "fy": 913.583740234375,
    "cx": 640.8306884765625,
    "cy": 366.20791625976562
  }
}